{
  "M0": {
    "model": "xgboost",
    "parameters": {
      "n_estimators": 50
    },
    "auc": 0.6397366920307557,
    "auc_lower_ci": 0.6282214985811317,
    "auc_upper_ci": 0.651128499657799,
    "f1": 0.002591792656587473,
    "f1_lower_ci": 0.0,
    "f1_upper_ci": 0.005901805464983951,
    "accuracy": 0.9439032093486552,
    "accuracy_lower_ci": 0.9418010981268676,
    "accuracy_upper_ci": 0.9461510896236729,
    "training_time": 7.1894450187683105
  },
  "M1": {
    "model": "xgboost",
    "parameters": {
      "n_estimators": 50
    },
    "auc": 0.7227479846362928,
    "auc_lower_ci": 0.7132361333187984,
    "auc_upper_ci": 0.7330877997318276,
    "f1": 0.0017308524448290783,
    "f1_lower_ci": 0.0,
    "f1_upper_ci": 0.004462208289794495,
    "accuracy": 0.9439517990330653,
    "accuracy_lower_ci": 0.9418138529190253,
    "accuracy_upper_ci": 0.9461626296737202,
    "training_time": 1.10909104347229
  },
  "M2": {
    "model": "xgboost",
    "parameters": {
      "n_estimators": 50
    },
    "auc": 0.741342569291609,
    "auc_lower_ci": 0.7313666745110387,
    "auc_upper_ci": 0.7517690430516905,
    "f1": 0.015196285352469396,
    "f1_lower_ci": 0.008473237267880126,
    "f1_upper_ci": 0.02231321429177008,
    "accuracy": 0.9433201331357353,
    "accuracy_lower_ci": 0.9408535992808726,
    "accuracy_upper_ci": 0.9457994217827556,
    "training_time": 6.61897087097168
  },
  "M3": {
    "model": "xgboost",
    "parameters": {
      "n_estimators": 50
    },
    "auc": 0.49768926448425765,
    "auc_lower_ci": 0.4846501545882698,
    "auc_upper_ci": 0.5092289936312269,
    "f1": 0.0,
    "f1_lower_ci": 0.0,
    "f1_upper_ci": 0.0,
    "accuracy": 0.9438789145064502,
    "accuracy_lower_ci": 0.9417282136002526,
    "accuracy_upper_ci": 0.9459081412016229,
    "training_time": 2.693265199661255
  },
  "M4": {
    "model": "xgboost",
    "parameters": {
      "n_estimators": 50
    },
    "auc": 0.7145921315386742,
    "auc_lower_ci": 0.704222247216532,
    "auc_upper_ci": 0.7260395104752633,
    "f1": 0.002575107296137339,
    "f1_lower_ci": 0.0,
    "f1_upper_ci": 0.006020541263001244,
    "accuracy": 0.9435387867155803,
    "accuracy_lower_ci": 0.9412064818639003,
    "accuracy_upper_ci": 0.9456548674716357,
    "training_time": 2.8991470336914062
  }
}