feature,importance
sex,0.46080798
BMI,0.38986003
age,0.14933199
