feature,importance
BMI,0.07228823
sex,0.046321332
age,0.023570228
Tsp/Asp,0.011439196
Tpw33,0.0112598445
Tpw75/Tsp,0.011187592
Tdw50/Tsw50,0.01078774
Tdw66,0.010779777
Tw/Tpi,0.010630133
Te,0.010605111
Tdw10,0.010347692
Ta,0.010316956
Aw/Au,0.010229674
Tdia,0.010140661
Ad/Aa,0.010010525
AGIinf,0.009889753
Tpw66,0.009884591
Tp1,0.009881635
Tsw66,0.009856271
(Tu-Ta)/Tpi,0.009766544
Tsp/Tpi,0.009746275
Tsw50,0.00968415
Ta/Tpi,0.009631905
Tdw50,0.009549483
Tpw10,0.009468955
Td/Tpi,0.0093341805
Tf/Tpi,0.0093162
Adn,0.009311789
Asp/Aoff,0.009247724
Adp/Asp,0.009245486
Tp2-dp,0.009228798
Ab/Aa,0.00910392
Tb,0.009084101
Tu/Tpi,0.009074861
Tc,0.009073202
Tpw75/Tpi,0.00904445
Tsw90,0.009040768
Tdw25/Tsw25,0.009039041
Tf,0.009037374
AUCdia,0.009009805
Tdw90/Tsw90,0.008981611
Tdw10/Tsw10,0.0088818725
Tsw25,0.008876116
Tu,0.008875141
Tpw25,0.008844239
Af/Aa,0.008817566
Tdw75,0.008773374
Tpw75,0.008756912
Tdw90,0.00875113
IPA,0.008736361
IPAD,0.008733653
Tpw25/Tsp,0.008687838
Tpw50/Tpi,0.008682844
Asp,0.008656252
Ae/Aa,0.008578886
AGI,0.008525706
AGImod,0.00852392
Asp/deltaT,0.0085183345
SC,0.008443089
Av/Au,0.008341969
Tpw25/Tpi,0.008324705
RIp1,0.008315195
AUCsys,0.008310545
Tw,0.008307151
Tsys/Tdia,0.008283694
Tdw75/Tsw75,0.008278843
AUCpi,0.00827479
Tb-d,0.0082714595
(Ac-Ab)/Aa,0.008238431
Tdp,0.008231187
Tdw33/Tsw33,0.0081712
Tc/Tpi,0.00814684
Tv/Tpi,0.008139361
(Tv-Tb)/Tpi,0.008134874
Asp/(Tpi-Tsp),0.008118224
Tsw75,0.008113402
AI,0.008041329
Ap2/Ap1,0.0079466365
(Ad-Ab)/Aa,0.0079239365
Tdw25,0.007916655
Tpw50,0.007816547
Td,0.007810993
Tdw66/Tsw66,0.007777635
Aoff,0.007688148
Tb/Tpi,0.007678564
deltaT,0.0076387287
Ac/Aa,0.007570396
Tsys,0.007551662
Au/Asp,0.0075406157
Adp,0.0075360355
Tsw33,0.0074674427
Tb-c,0.0074558626
Tpi,0.0074179666
Tp2,0.0073224143
Tdw33,0.0073208986
Te/Tpi,0.007271802
Tp1-dp,0.0072415723
Tpw50/Tsp,0.00672598
Tv,0.006504399
Tpp,0.005743316
Tpw90,0.0057254634
Tsw10,0.0052523143
RIp2,0.0
Tsp,0.0
IPR,0.0
