feature,coefficient,abs_coefficient
age,0.6778697231352772,0.6778697231352772
BMI,0.5818081569366648,0.5818081569366648
sex,0.21769375108367545,0.21769375108367545
