feature,coefficient,abs_coefficient
age,0.6858695144799952,0.6858695144799952
BMI,0.5901764605525459,0.5901764605525459
sex,0.2242852411501118,0.2242852411501118
