Model,Brier_Score,ECE
M0,0.02513773096754327,5.702779370554598e-05
M1,0.0248600758435987,0.0007538571328381589
M2,0.024773074177332075,7.255099054380299e-05
M3,0.029258441279447503,0.06346564299380657
M4,0.024870521593883834,0.00061701944268977
