Model,Brier_Score,ECE
M0,0.2358638778948175,0.45340341195228456
M1,0.2207872168899946,0.4165269553180582
M2,0.21418989549390957,0.4101346312667499
M3,0.03418978388515037,0.09466926585597357
M4,0.22152033413356584,0.4245397127756227
