{
  "M0": {
    "model": "xgboost",
    "parameters": {
      "scale_pos_weight": 37.629751290473955,
      "n_estimators": 500,
      "min_child_weight": 10,
      "max_depth": 3,
      "learning_rate": 0.01
    },
    "auc": 0.6012067259583068,
    "auc_lower_ci": 0.5846365367705322,
    "auc_upper_ci": 0.6172843939819699,
    "aucpr": 0.0366529960802458,
    "aucpr_lower_ci": 0.03328836113437271,
    "aucpr_upper_ci": 0.040464106026331007,
    "f1": 0.06420648464163822,
    "f1_lower_ci": 0.058907328521679625,
    "f1_upper_ci": 0.06910368533532414,
    "accuracy": 0.5736741089866622,
    "accuracy_lower_ci": 0.569202643278832,
    "accuracy_upper_ci": 0.5785828818541824,
    "training_time": 298.9380159378052
  },
  "M1": {
    "model": "xgboost",
    "parameters": {
      "scale_pos_weight": 37.629751290473955,
      "n_estimators": 500,
      "min_child_weight": 10,
      "max_depth": 3,
      "learning_rate": 0.01
    },
    "auc": 0.7001566635712977,
    "auc_lower_ci": 0.6827950405420934,
    "auc_upper_ci": 0.7157131891456814,
    "aucpr": 0.05975603874973448,
    "aucpr_lower_ci": 0.052739802317169494,
    "aucpr_upper_ci": 0.06835773873801813,
    "f1": 0.0864137680281178,
    "f1_lower_ci": 0.08039589459624819,
    "f1_upper_ci": 0.09235304422205597,
    "accuracy": 0.6337309589174218,
    "accuracy_lower_ci": 0.6292825733096864,
    "accuracy_upper_ci": 0.638251014309662,
    "training_time": 32.60487914085388
  },
  "M2": {
    "model": "xgboost",
    "parameters": {
      "scale_pos_weight": 37.629751290473955,
      "n_estimators": 500,
      "min_child_weight": 10,
      "max_depth": 3,
      "learning_rate": 0.01
    },
    "auc": 0.7122263447015028,
    "auc_lower_ci": 0.6979930117576181,
    "auc_upper_ci": 0.7275244738337088,
    "aucpr": 0.06345021271320998,
    "aucpr_lower_ci": 0.05649449262976346,
    "aucpr_upper_ci": 0.07068617545394157,
    "f1": 0.09063136456211812,
    "f1_lower_ci": 0.08420773147977863,
    "f1_upper_ci": 0.09726874879147099,
    "accuracy": 0.6528752945749617,
    "accuracy_lower_ci": 0.6484281237093366,
    "accuracy_upper_ci": 0.6576510531814096,
    "training_time": 351.642884016037
  },
  "M3": {
    "model": "xgboost",
    "parameters": {
      "scale_pos_weight": 1,
      "n_estimators": 100,
      "min_child_weight": 7,
      "max_depth": 7,
      "learning_rate": 0.001
    },
    "auc": 0.5065750035036395,
    "auc_lower_ci": 0.49076383584166094,
    "auc_upper_ci": 0.5236541571858244,
    "aucpr": 0.027042900647064175,
    "aucpr_lower_ci": 0.024659210422878945,
    "aucpr_upper_ci": 0.02976702293481757,
    "f1": 0.0,
    "f1_lower_ci": 0.0,
    "f1_upper_ci": 0.0,
    "accuracy": 0.9741016982094701,
    "accuracy_lower_ci": 0.9725583683583975,
    "accuracy_upper_ci": 0.9754877189572654,
    "training_time": 119.01145720481873
  },
  "M4": {
    "model": "xgboost",
    "parameters": {
      "scale_pos_weight": 37.629751290473955,
      "n_estimators": 50,
      "min_child_weight": 3,
      "max_depth": 3,
      "learning_rate": 0.05
    },
    "auc": 0.6976341601454519,
    "auc_lower_ci": 0.6817725717252676,
    "auc_upper_ci": 0.7121338113680911,
    "aucpr": 0.058294131090472046,
    "aucpr_lower_ci": 0.051647307088634124,
    "aucpr_upper_ci": 0.06634630379632347,
    "f1": 0.08752680035313407,
    "f1_lower_ci": 0.08154815386218173,
    "f1_upper_ci": 0.09392114922497533,
    "accuracy": 0.6484536332936518,
    "accuracy_lower_ci": 0.6442609509001239,
    "accuracy_upper_ci": 0.6531067029469644,
    "training_time": 162.3995418548584
  }
}