feature,importance
sex,0.5600874
age,0.33772302
BMI,0.102189556
