feature,importance
sex,0.6238672
age,0.28261468
BMI,0.09351809
