Model,Brier_Score,ECE
M0,0.22249556955226701,0.005802504618076364
M1,0.20697187839023137,0.008344696265023193
M2,0.18670384796095896,0.00506155645011918
M3,0.21068769836625154,0.00727823265828302
M4,0.17804429821401035,0.006516832774101604
