{
  "M0": {
    "model": "xgboost",
    "parameters": {
      "n_estimators": 50
    },
    "auc": 0.6819987176481259,
    "auc_lower_ci": 0.6773320513864245,
    "auc_upper_ci": 0.687095882119628,
    "f1": 0.6857804441637723,
    "f1_lower_ci": 0.681075108719588,
    "f1_upper_ci": 0.6903767413112554,
    "accuracy": 0.6373508904059668,
    "accuracy_lower_ci": 0.6325866718495664,
    "accuracy_upper_ci": 0.6417367167950244,
    "training_time": 6.797100067138672
  },
  "M1": {
    "model": "xgboost",
    "parameters": {
      "n_estimators": 50
    },
    "auc": 0.7282157297188337,
    "auc_lower_ci": 0.7231022003507358,
    "auc_upper_ci": 0.7330971625765528,
    "f1": 0.7131782945736435,
    "f1_lower_ci": 0.7083204933414203,
    "f1_upper_ci": 0.7174689399943104,
    "accuracy": 0.6736959743446467,
    "accuracy_lower_ci": 0.6692973931634314,
    "accuracy_upper_ci": 0.6782184592211074,
    "training_time": 1.0982587337493896
  },
  "M2": {
    "model": "xgboost",
    "parameters": {
      "n_estimators": 50
    },
    "auc": 0.7816959881747796,
    "auc_lower_ci": 0.7766078323196796,
    "auc_upper_ci": 0.7862122765309094,
    "f1": 0.7442444718775042,
    "f1_lower_ci": 0.7399050998169389,
    "f1_upper_ci": 0.748758392299039,
    "accuracy": 0.7131022084011565,
    "accuracy_lower_ci": 0.7083392045868662,
    "accuracy_upper_ci": 0.7173908554213941,
    "training_time": 6.946865081787109
  },
  "M3": {
    "model": "xgboost",
    "parameters": {
      "n_estimators": 50
    },
    "auc": 0.502082924771692,
    "auc_lower_ci": 0.4967212982152019,
    "auc_upper_ci": 0.507928051876109,
    "f1": 0.6712839455503112,
    "f1_lower_ci": 0.6672382014322887,
    "f1_upper_ci": 0.675463459039307,
    "accuracy": 0.5330045431354923,
    "accuracy_lower_ci": 0.5284116032166372,
    "accuracy_upper_ci": 0.5376460727387575,
    "training_time": 3.4833180904388428
  },
  "M4": {
    "model": "xgboost",
    "parameters": {
      "n_estimators": 50
    },
    "auc": 0.7243024107744741,
    "auc_lower_ci": 0.7193455073553013,
    "auc_upper_ci": 0.7290874603513624,
    "f1": 0.7126466197483472,
    "f1_lower_ci": 0.7079405509711036,
    "f1_upper_ci": 0.7168841668829756,
    "accuracy": 0.6726512961298317,
    "accuracy_lower_ci": 0.6682375306722383,
    "accuracy_upper_ci": 0.6770243677267316,
    "training_time": 3.6772708892822266
  }
}