feature,importance
age,0.46194634
BMI,0.31536186
sex,0.22269173
