feature,importance
age,0.4303103
BMI,0.31939685
sex,0.2502928
