feature,coefficient,abs_coefficient
age,0.6778697231352769,0.6778697231352769
BMI,0.5818081569366649,0.5818081569366649
sex,0.21769375108367547,0.21769375108367547
