feature,importance
age,0.5091051
BMI,0.29948628
sex,0.19140859
